<?xml version="1.0" encoding="UTF-8"?>
<project-private xmlns="http://www.netbeans.org/ns/project-private/1">
    <editor-bookmarks xmlns="http://www.netbeans.org/ns/editor-bookmarks/2" lastBookmarkId="0"/>
    <open-files xmlns="http://www.netbeans.org/ns/projectui-open-files/2">
        <group>
            <file>file:/E:/Fall%20Classes%202017/CSC%20251%20-%20Advanced%20Java%20Programming/RetailPriceCalculator_ShawnWitter.java/src/retailpricecalculator_shawnwitter/java/RetailPriceCalculator_ShawnWitter.java</file>
            <file>file:/E:/Fall%20Classes%202017/CSC%20251%20-%20Advanced%20Java%20Programming/RetailPriceCalculator_ShawnWitter.java/src/retailpricecalculator_shawnwitter/java/RetailPriceCalculator_ShawnWitterJava.java</file>
        </group>
    </open-files>
</project-private>
